SKU,Marca,Nombre_Producto,Tamaño,Categoria,Descripcion,URL_Imagen,Precio_Venta_ARS,En_Stock,Gradient_Color1,Gradient_Color2,Visible
BJ001,Beauty of Joseon,Calming Serum: Green tea + Panthenol 30ml,30ml,serums,"Sérum calmante ultraligero con 59% de extracto de té verde y pantenol. Calma rojeces, refuerza la barrera cutánea y aporta hidratación profunda sin sensación grasa. Ideal para pieles sensibles.",https://beautyofjoseon.com/cdn/shop/files/001_61356454-461b-424d-8ef7-32589fb88d92.png | https://beautyofjoseon.com/cdn/shop/files/002.png | https://beautyofjoseon.com/cdn/shop/files/003.png,43900,TRUE,#faebd7,#c9a96e,TRUE
BJ005,Beauty of Joseon,Ginseng Essence Water 150ml,150ml,serums,"Agua esencia con ginseng rojo coreano y 32 botánicos milenarios. Aumenta la firmeza, elasticidad y luminosidad desde la primera aplicación. El secreto de la piel de porcelana.",https://beautyofjoseon.com/cdn/shop/files/ginseng-essence-water-1-front.webp | https://beautyofjoseon.com/cdn/shop/files/ginseng-essence-water-3.webp | https://beautyofjoseon.com/cdn/shop/files/ginseng-essence-water-4.webp,52400,TRUE,#faebd7,#c9a96e,TRUE
BJ003,Beauty of Joseon,Glow Deep Serum: Rice + Arbutin 30ml,30ml,serums,"Sérum iluminador de segunda generación con agua de arroz fermentado y arbutina. Aclara manchas, unifica el tono y multiplica la luminosidad. El favorito para el glass skin.",https://beautyofjoseon.com/cdn/shop/files/glow-deep-serum-rice-alpha-arbutin-1-front.webp | https://beautyofjoseon.com/cdn/shop/files/glow-deep-serum-rice-alpha-arbutin-3.webp | https://beautyofjoseon.com/cdn/shop/files/glow-deep-serum-rice-alpha-arbutin-4.webp,44600,TRUE,#faebd7,#c9a96e,TRUE
BJ002,Beauty of Joseon,Glow Serum: Propolis + Niacinamide 30ml,30ml,serums,"Sérum iluminador con propóleo de abeja y niacinamida al 2%. Unifica el tono, minimiza poros y aporta ese glow vítreo del K-Beauty. Textura tipo miel que se absorbe al instante.",https://beautyofjoseon.com/cdn/shop/files/glow-serum-propolis-niacinamide-1-front.webp | https://beautyofjoseon.com/cdn/shop/files/glow-serum-propolis-niacinamide-3.webp | https://beautyofjoseon.com/cdn/shop/files/glow-serum-propolis-niacinamide-4.webp,46300,TRUE,#faebd7,#c9a96e,TRUE
BJ004,Beauty of Joseon,Revive Serum: Ginseng + Snail Mucin 30ml,30ml,serums,"Sérum revitalizante con ginseng rojo coreano y mucina de caracol. Firmeza, luminosidad y reparación profunda en un solo paso. Piel visiblemente más joven y luminosa.",https://beautyofjoseon.com/cdn/shop/files/revive-serum-ginseng-snail-mucin-1-front.webp | https://beautyofjoseon.com/cdn/shop/files/revive-serum-ginseng-snail-mucin-3.webp | https://beautyofjoseon.com/cdn/shop/files/revive-serum-ginseng-snail-mucin-4.webp,43600,FALSE,#faebd7,#c9a96e,TRUE
BE006,Benton,Air Fit UV Defense Sun Cream 50ml,50ml,solar,Protector solar ligero con TECA y niacinamida. Acabado natural sin residuo blanco. SPF50+ PA++++ que cuida la piel mientras la protege del sol.,,41100,FALSE,#d1fae5,#059669,TRUE
BE002,Benton,Aloe BHA Skin Toner 200ml,200ml,serums,"Tónico con más del 80% de aloe vera, BHA al 0.5% y mucina de caracol. Controla el sebo, afina la textura y deja la piel increíblemente suave e hidratada.",https://cafe24img.poxo.com/bentoncos/web/product/big/202405/3cc57c9962caeaad86e1440ed337740f.jpg,36000,FALSE,#d1fae5,#059669,TRUE
BE005,Benton,Aloe Real Cool Soothing Gel 300ml,300ml,hidratantes,"Gel calmante multiuso con aloe vera al 97%. Ideal post-sol, para calmar rojeces o como hidratante ligera de verano. Refrescante y versátil.",,22600,FALSE,#d1fae5,#059669,TRUE
BE008,Benton,Deep Green Tea Cleansing Foam 120g,120g,limpieza,Limpiador en espuma con 60% de extracto de té verde fermentado. Limpieza profunda y antioxidante que equilibra el sebo sin irritar ni resecar.,,30800,FALSE,#d1fae5,#059669,TRUE
BE009,Benton,Deep Green Tea Lotion 120ml,120ml,hidratantes,Emulsión hidratante con té verde fermentado. Textura sedosa que se absorbe rápido. Hidratación ligera + antioxidantes + efecto calmante en un solo paso.,,33000,FALSE,#d1fae5,#059669,TRUE
BE010,Benton,Deep Green Tea Serum 35ml,35ml,serums,Sérum concentrado de té verde con niacinamida y pantenol. Antioxidante potente que combate el envejecimiento prematuro y unifica el tono de forma visible.,,33900,FALSE,#d1fae5,#059669,TRUE
BE004,Benton,Deep Green Tea Toner 150ml,150ml,serums,Tónico esencia con 60% de extracto de té verde fermentado. Rico en antioxidantes que tratan la piel en profundidad mientras la hidratan y equilibran el sebo.,,34200,FALSE,#d1fae5,#059669,TRUE
BE001,Benton,Goodbye Redness Centella Gel,,hidratantes,"Gel-crema calmante con centella asiática y niacinamida al 2%. Reduce rojeces, previene el acné y fortalece la barrera cutánea. Textura refrescante, perfecta para pieles reactivas.",,36500,FALSE,#d1fae5,#059669,TRUE
BE007,Benton,Skin Fit Mineral Sun Cream 50ml,50ml,solar,Protector solar mineral de acabado seco y mate. Con óxido de zinc para pieles sensibles. SPF50+ PA++++ sin obstruir poros.,,41100,FALSE,#d1fae5,#059669,TRUE
BD001,Biodance,Bio-Collagen Real Deep Mask,,hidratantes,Mascarilla de hidrogel con colágeno real que se funde con la piel en 1 hora. Tratamiento hidratante intensivo. Piel plumped y radiante al instante.,https://biodance.co.kr/web/product/medium/202606/bf01be0f549022ed55e57086f136d29c.png,15000,FALSE,#fce7f3,#ec4899,TRUE
BD003,Biodance,Cera-nol Gel Toner Pads 60Pads,60Pads,serums,"Pads de tónico en gel con ceramidas y noni. Alisar, tonificar y activar la barrera cutánea en un solo paso. 60 unidades de uso diario.",,67000,FALSE,#fce7f3,#ec4899,TRUE
BD004,Biodance,Collagen Gel Toner Pads 60Pads,60Pads,serums,"Pads de tónico con colágeno puro. Firman, hidratan y suavizan la piel en cada aplicación. Formato doble faz: limpieza suave + activación de barrera.",https://biodance.co.kr/web/product/tiny/202606/2a67400d3c876d406d50d4588046f01f.png,67000,FALSE,#fce7f3,#ec4899,TRUE
BD002,Biodance,Hydro Cera-nol Real Deep Mask,,hidratantes,Mascarilla de hidrogel con ceramidas y noni. Hidratación profunda que restaura la barrera cutánea dañada. El complemento perfecto del Bio-Collagen Mask.,https://biodance.co.kr/web/product/medium/202606/95782a4f9e7dcb016bf3f1d52bc0ec14.jpg,15000,FALSE,#fce7f3,#ec4899,TRUE
CM012,Celimax,Derma Nature Fresh Blackhead Jojoba Cleansing Oil 150ml,150ml,limpieza,"Aceite limpiador de jojoba que disuelve el maquillaje más resistente sin obstruir poros. Limpieza profunda con acabado fresco, no graso.",,43300,FALSE,#fef9c3,#f59e0b,TRUE
CM018,Celimax,Dual Barrier Creamy Toner,,serums,Tónico cremoso con doble barrera de hidratación. Activa y fortalece la barrera cutánea desde el primer paso de la rutina.,,50500,FALSE,#fef9c3,#f59e0b,TRUE
CM016,Celimax,Ji Woo Gae Heartleaf BHA Peeling Pad,,serums,"Pads exfoliantes con BHA y extracto de corazón de hoja. Afina la textura, desobstruye poros y aporta luminosidad. Uso 2-3 veces por semana.",,46400,FALSE,#fef9c3,#f59e0b,TRUE
CM001,Celimax,NONI Acne Bubble Cleanser - 155ml,155ml,limpieza,"Limpiador en espuma con extracto de noni y BHA. Limpia en profundidad, controla el sebo y trata el acné sin irritar. Piel limpia y equilibrada.",,45400,FALSE,#fef9c3,#f59e0b,TRUE
CM002,Celimax,NONI Energy Ampoule - 30ml,30ml,serums,"Ampolla energizante con extracto de noni de alta pureza. Revitaliza pieles apagadas, aporta luminosidad inmediata y activa la reparación celular nocturna.",https://hypercape-build.s3.ap-northeast-2.amazonaws.com/images/product/1770173861217_b464731c6c7d4fd793b4581f4901aee2.jpg,46400,FALSE,#fef9c3,#f59e0b,TRUE
CM015,Celimax,NONI Energy Ampoule - 50ml,50ml,serums,Ampolla de noni en tamaño full (50ml). El tratamiento de luminosidad más potente de Celimax. Resultados visibles desde la primera semana.,,71100,FALSE,#fef9c3,#f59e0b,TRUE
CM003,Celimax,NONI Energy Repair Cream - 50ml,50ml,hidratantes,"Crema reparadora con noni y extractos botánicos. Hidratación intensa, reparación de la barrera y luminosidad duradera. Piel visiblemente más sana.",,53600,FALSE,#fef9c3,#f59e0b,TRUE
CM004,Celimax,NONI Moisture Balancing Toner - 150ml,150ml,serums,"Tónico balanceador con extracto de noni al 75%. Hidrata, controla el sebo y prepara la piel para los siguientes pasos de la rutina.",,50500,FALSE,#fef9c3,#f59e0b,TRUE
CM005,Celimax,NONI Refresh Clay Mask 120ml,120ml,hidratantes,"Mascarilla de arcilla con extracto de noni. Limpia los poros en profundidad, controla el exceso de sebo y aporta luminosidad instantánea.",,44300,FALSE,#fef9c3,#f59e0b,TRUE
CM013,Celimax,Oil Control Light Sunscreen 40ml,40ml,solar,Protector solar oil-control de acabado mate ultra-ligero. SPF50+ PA++++ que controla el brillo durante todo el día. Ideal para pieles mixtas y grasas.,,50500,FALSE,#fef9c3,#f59e0b,TRUE
CM019,Celimax,Oil Control Mattifying Sun Stick,,solar,Stick solar oil-control de acabado mate. SPF50+ PA++++ en formato portátil para retoques durante el día. Sin brillo ni sensación grasa.,,45400,FALSE,#fef9c3,#f59e0b,TRUE
CM010,Celimax,Pore + Dark Spot Brightening Care Sunscreen 50ml,50ml,solar,Protector solar que ilumina manchas y minimiza poros mientras protege del sol. SPF50+ PA++++ con acabado luminoso natural.,,50500,FALSE,#fef9c3,#f59e0b,TRUE
CM009,Celimax,Pore + Dark Spot Brightening Cream 35ml,35ml,hidratantes,"Crema de día que ilumina manchas, minimiza poros y protege con niacinamida. Hidratación ligera + efecto brightening + poros invisibles.",,50500,FALSE,#fef9c3,#f59e0b,TRUE
CM008,Celimax,Pore + Dark Spot Brightening Serum 30ml,30ml,serums,Sérum concentrado que ilumina manchas y minimiza poros con niacinamida y extractos brightening. Textura ligera de rápida absorción.,,56700,FALSE,#fef9c3,#f59e0b,TRUE
CM007,Celimax,The Real CICA Soothing Cream 50ml,50ml,hidratantes,"Crema calmante con centella asiática real. Calma, hidrata y regenera pieles sensibles o irritadas. Fórmula sin irritantes, apta para pieles delicadas.",,45400,FALSE,#fef9c3,#f59e0b,TRUE
CM006,Celimax,The Real NONI Starter Kit 3 minis,3 minis,serums,Kit de 3 minis de la línea NONI: ampoule + crema + tónico. El starter kit ideal para descubrir la magia del noni coreano en la piel.,,45400,FALSE,#fef9c3,#f59e0b,TRUE
CM017,Celimax,The Vita A Retinol Shot Tightening Serum,,serums,"Sérum de retinol que firma, reduce arrugas y mejora la textura en pocas semanas. Fórmula estabilizada con menor riesgo de irritación.",,56700,FALSE,#fef9c3,#f59e0b,TRUE
CM011,Celimax,The Vita-A Retinal Shot Tightening Booster 15ml,15ml,serums,Booster de retinal de alta concentración. Trata arrugas y manchas desde la primera noche. Para pieles que quieren resultados visibles rápidos.,,56700,FALSE,#fef9c3,#f59e0b,TRUE
FW008,Fwee,3D Voluming gloss 70% 02 Coral Sorbet - 5.3g,5.3g,makeup,Gloss voluminizador 3D con 70% de aceites nutritivos. Labios más llenos y luminosos. Coral Sorbet: coral vibrante y jugoso.,https://fwee.us/cdn/shop/files/US_2508_3D___20__30.png,45300,FALSE,#ffe4e6,#f43f5e,TRUE
FW009,Fwee,3D Voluming gloss 70% 03 Pink Candy - 5.3g,5.3g,makeup,Gloss 3D con efecto plumping. Fórmula nutritiva de larga duración. Pink Candy: rosa suave y luminoso.,https://fwee.us/cdn/shop/files/US_2508_3D___20__30.png,45300,FALSE,#ffe4e6,#f43f5e,TRUE
FW010,Fwee,3D Voluming gloss 70% 04 Red Aengdu - 5.3g,5.3g,makeup,Gloss 3D con 70% de aceites. Brillo de espejo y comodidad todo el día. Red Aengdu: rojo cereza vibrante.,https://fwee.us/cdn/shop/files/US_2508_3D___20__30.png,45300,FALSE,#ffe4e6,#f43f5e,TRUE
FW011,Fwee,3D Voluming gloss 70% 05 Move Currant - 5.3g,5.3g,makeup,Gloss 3D voluminizador. Edición limitada. Move Currant: uva/ciruela profundo con toques fríos.,https://fwee.us/cdn/shop/files/US_2508_3D___20__30.png,45300,FALSE,#ffe4e6,#f43f5e,TRUE
FW001,Fwee,Lip&Cheek Blurry Pudding Pot MV04 Slayyy - 5g,5g,makeup,Rubor y labial en uno. Acabado difuminado ultra-natural estilo flushed. Tonalidad MV04 Slayyy: malva terroso cálido.,https://fwee.us/cdn/shop/files/US_2503_7ec77fc5-4b46-4f52-9cfa-c5cb947a638b.png,55200,FALSE,#ffe4e6,#f43f5e,TRUE
FW002,Fwee,Lip&Cheek Blurry Pudding Pot MV05 Boss - 5g,5g,makeup,Rubor y labial en uno. Acabado pudding suave y difuminado. Tonalidad MV05 Boss: malva rosado con toques fríos.,https://fwee.us/cdn/shop/files/US_2503_7ec77fc5-4b46-4f52-9cfa-c5cb947a638b.png,55200,FALSE,#ffe4e6,#f43f5e,TRUE
FW003,Fwee,Lip&Cheek Blurry Pudding Pot ND04 My - 5g,5g,makeup,Rubor y labial en uno. Fórmula pudding que se difumina solo. Tonalidad ND04 My: nude terroso cálido.,https://fwee.us/cdn/shop/files/US_2503_7ec77fc5-4b46-4f52-9cfa-c5cb947a638b.png | https://fwee.us/cdn/shop/files/ND04.jpg,55200,FALSE,#ffe4e6,#f43f5e,TRUE
FW004,Fwee,Lip&Cheek Blurry Pudding Pot ND05 Be - 5g,5g,makeup,Rubor y labial en uno. Acabado difuminado ultra-natural. Tonalidad ND05 Be: nude frío con subtono rosado.,https://fwee.us/cdn/shop/files/US_2503_7ec77fc5-4b46-4f52-9cfa-c5cb947a638b.png | https://fwee.us/cdn/shop/files/ND05.jpg,55200,FALSE,#ffe4e6,#f43f5e,TRUE
FW005,Fwee,Lip&Cheek Blurry Pudding Pot PK05 Sth - 5g,5g,makeup,Rubor y labial en uno. Edición limitada. Tonalidad PK05 Sth: rosa vibrante fresco.,https://fwee.us/cdn/shop/files/US_2503_7ec77fc5-4b46-4f52-9cfa-c5cb947a638b.png,55200,FALSE,#ffe4e6,#f43f5e,TRUE
FW006,Fwee,Lip&Cheek Blurry Pudding Pot RS01 Feeln - 5g,5g,makeup,Rubor y labial en uno. Acabado pudding suave. Tonalidad RS01 Feeln: rojo frambuesa profundo.,https://fwee.us/cdn/shop/files/US_2503_7ec77fc5-4b46-4f52-9cfa-c5cb947a638b.png,55200,FALSE,#ffe4e6,#f43f5e,TRUE
FW007,Fwee,Lip&Cheek Blurry Pudding Pot RS02 Lyrics - 5g,5g,makeup,Rubor y labial en uno. Textura pudding que se funde con la piel. Tonalidad RS02 Lyrics: rojo rosado cálido.,https://fwee.us/cdn/shop/files/US_2503_7ec77fc5-4b46-4f52-9cfa-c5cb947a638b.png,55200,FALSE,#ffe4e6,#f43f5e,TRUE
HH018,Haru Haru Wonder,Black Bamboo Daily Smoothing Body Oil - 200ml,200ml,hidratantes,"Aceite corporal con bambú negro. Nutrición profunda e instantánea para un cuerpo suave, luminoso e hidratado todo el día.",,50400,FALSE,#f3e8ff,#7c3aed,TRUE
HH008,Haru Haru Wonder,Black Bamboo Mist 150ml,150ml,serums,"Mist hidratante con bambú negro 150ml. Refresca, hidrata y fija el maquillaje durante todo el día.",,42800,FALSE,#f3e8ff,#7c3aed,TRUE
HH009,Haru Haru Wonder,Black Bamboo Mist 80ml,80ml,serums,Mist hidratante con bambú negro 80ml. Perfecto para llevar en el bolso y refrescar la piel en cualquier momento.,,30800,FALSE,#f3e8ff,#7c3aed,TRUE
HH004,Haru Haru Wonder,Black Rice Bakuchiol Eye Cream 20ml,20ml,ojos,"Contorno de ojos con arroz negro y bakuchiol. Trata arrugas, ojeras y pérdida de firmeza de la delicada zona periocular.",,43200,FALSE,#f3e8ff,#7c3aed,TRUE
HH002,Haru Haru Wonder,Black Rice Hyaluronic Cream (50ml),50ml,hidratantes,"Crema con arroz negro y ácido hialurónico. Hidratación profunda de larga duración que restaura la suavidad, firmeza y elasticidad.",https://cdn.shopify.com/s/files/1/0707/0190/8217/files/black_rice_10_hyaluronic_cream_50ml_42a7acc7-b901-4139-a6f6-5015f9a93f69.jpg | https://cdn.shopify.com/s/files/1/0707/0190/8217/files/10_50ml_-_1_1f952f4f-9cd4-4b40-a37e-f44dfbd5de01.jpg,44200,FALSE,#f3e8ff,#7c3aed,TRUE
HH010,Haru Haru Wonder,Black Rice Hyaluronic Cream Unscented,,hidratantes,Crema hialurónica con arroz negro sin fragancia. Ideal para pieles sensibles que quieren los beneficios del arroz negro sin irritantes.,https://cdn.shopify.com/s/files/1/0707/0190/8217/files/black_rice_10_hyaluronic_cream_50ml_42a7acc7-b901-4139-a6f6-5015f9a93f69.jpg,44200,FALSE,#f3e8ff,#7c3aed,TRUE
HH001,Haru Haru Wonder,Black Rice Hyaluronic Toner FOAF,,serums,"Tónico hialurónico con extracto de arroz negro antioxidante. Hidratación profunda, firmeza y luminosidad desde el primer paso de la rutina.",https://cdn.shopify.com/s/files/1/0707/0190/8217/files/150ml_11e70ee9-f850-4fe7-8e7e-a960590e938d.jpg | https://cdn.shopify.com/s/files/1/0707/0190/8217/files/150ml_b369d968-21c4-4196-82db-851773a5a49c.jpg,39100,FALSE,#f3e8ff,#7c3aed,TRUE
HH005,Haru Haru Wonder,Black Rice Moisture 5.5 Soft Cleansing Gel,,limpieza,"Gel limpiador suave con arroz negro y ácido hialurónico. Limpieza profunda sin resecar, ideal para pieles sensibles y secas.",,33900,FALSE,#f3e8ff,#7c3aed,TRUE
HH006,Haru Haru Wonder,Black Rice Moisture Deep Cleansing Oil,,limpieza,"Aceite limpiador con arroz negro. Disuelve maquillaje y protector solar, hidrata y deja la piel limpia sin sensación grasa.",,49300,FALSE,#f3e8ff,#7c3aed,TRUE
HH011,Haru Haru Wonder,Black Rice Moisture Deep Cleansing Oil - MINI - 30ml,30ml,limpieza,Mini aceite limpiador con arroz negro (30ml). El hit de limpieza de Haru Haru Wonder en tamaño de viaje.,,15400,FALSE,#f3e8ff,#7c3aed,TRUE
HH017,Haru Haru Wonder,Black Rice Night Knight Retinol Serum - 20ml,20ml,serums,"Sérum de noche con retinol y extracto de arroz negro. Estimula la renovación celular, reduce arrugas y mejora la textura mientras dormís.",https://haruharuwonder.com/cdn/shop/files/1736390194962_6d8a5fbdc1e642bbb91a1e6854a3fe9e.jpg | https://haruharuwonder.com/cdn/shop/files/53896eee67f6838d97c2387e3251c1ba.jpg,45500,FALSE,#f3e8ff,#7c3aed,TRUE
HH013,Haru Haru Wonder,Black Rice Probiotics Barrier Essence - 120ml,120ml,serums,Esencia de probióticos con arroz negro 120ml. Tratamiento completo de la barrera cutánea y la microbiota de la piel.,,55100,FALSE,#f3e8ff,#7c3aed,TRUE
HH012,Haru Haru Wonder,Black Rice Probiotics Barrier Essence - 30ml,30ml,serums,"Esencia de probióticos con arroz negro mini 30ml. Refuerza la microbiota cutánea, repara la barrera y aporta luminosidad.",,18500,FALSE,#f3e8ff,#7c3aed,TRUE
HH003,Haru Haru Wonder,Black Rice Serum 30ml,30ml,serums,"Sérum antioxidante con extracto de arroz negro coreano. Combate el envejecimiento, ilumina el tono y deja una textura aterciopelada.",,43300,FALSE,#f3e8ff,#7c3aed,TRUE
HH014,Haru Haru Wonder,Centella 5% Niacinamide Radiance Gel Cream - 90g,90g,hidratantes,"Gel crema con centella, niacinamida al 5% y péptidos. Unifica el tono, minimiza poros y aporta luminosidad mientras hidrata.",,60300,FALSE,#f3e8ff,#7c3aed,TRUE
HH015,Haru Haru Wonder,Centella Phyto & 5 Peptide Concentrate Cream - 30ml,30ml,hidratantes,"Crema concentrada con centella y 5 péptidos. Tratamiento anti-aging que firma, hidrata y repara visiblemente en pocas semanas.",https://cdn.shopify.com/s/files/1/0707/0190/8217/files/CENTELLA_phyto_5_peptide_concentrate_cream_30ml_15973552-70cc-46d4-b0be-1180cb18eef3.jpg,49400,FALSE,#f3e8ff,#7c3aed,TRUE
MX001,Mixsoon,Bean Cleansing Oil - 195ml,195ml,limpieza,Aceite limpiador con soja fermentada al 90.6%. Disuelve maquillaje y protector sin dejar residuos grasos. Los beneficios de la fermentación en tu limpieza diaria.,https://cdn.shopify.com/s/files/1/0797/3299/8445/files/195ml_2.png?v=1780641830,50900,FALSE,#f5f0e8,#92400e,TRUE
MX005,Mixsoon,Bean Essence - 30ml,30ml,serums,"Esencia minimalista con extracto de soja fermentada al 91.3%. Sin fragancia, sin irritantes. Hidratación profunda y piel naturalmente sana.",https://mixsoon.us/cdn/shop/files/b228780eb305239cfe4cd919710c6f98.jpg | https://mixsoon.us/cdn/shop/files/Bean.jpg | https://mixsoon.us/cdn/shop/files/bean_essence_model.jpg,46100,TRUE,#f5f0e8,#92400e,TRUE
MX004,Mixsoon,Bean Essence - 50ml,50ml,serums,Bean Essence en tamaño full 50ml. Esencia minimalista de soja fermentada que refina la textura y fortalece la barrera.,https://cdn.shopify.com/s/files/1/0797/3299/8445/files/50ml_2_be3f42d8-84f7-49ea-bf45-a7be68c094c9.png?v=1780640858 | https://mixsoon.us/cdn/shop/files/b228780eb305239cfe4cd919710c6f98.jpg,67000,FALSE,#f5f0e8,#92400e,TRUE
MX003,Mixsoon,Bean cream - 50ml,50ml,hidratantes,"Crema facial con soja fermentada. Hidratación intensa de larga duración para una piel suave, sana y naturalmente luminosa.",https://cdn.shopify.com/s/files/1/0797/3299/8445/files/50ml_2.png?v=1780640570,66000,FALSE,#f5f0e8,#92400e,TRUE
MX002,Mixsoon,Centella Cleansing Foam - 150ml,150ml,limpieza,"Espuma limpiadora suave con centella asiática. Limpieza profunda sin irritar, ideal para pieles sensibles. Piel limpia y equilibrada.",https://cdn.shopify.com/s/files/1/0797/3299/8445/files/150ml_2.png?v=1780641679,39200,FALSE,#f5f0e8,#92400e,TRUE
MX007,Mixsoon,Glacier Water Hyaluronic Acid Serum - 100ml,100ml,serums,Sérum de ácido hialurónico con agua glaciar 100ml. Hidratación intensiva multidimensional que rellena visualmente la piel.,,51400,FALSE,#f5f0e8,#92400e,TRUE
MX006,Mixsoon,Glacier Water Hyaluronic Acid Serum - 300ml,300ml,serums,Sérum de ácido hialurónico con agua glaciar 300ml. Hidratación multidimensional y efecto plumping en el formato más económico.,,61700,FALSE,#f5f0e8,#92400e,TRUE
MX008,Mixsoon,Glacier Water Hyaluronic Acid Serum - 30ml,30ml,serums,Sérum de ácido hialurónico con agua glaciar pura 30ml. Hidratación intensiva y efecto plumping inmediato en el tamaño perfecto para probar.,,36300,FALSE,#f5f0e8,#92400e,TRUE
MZ002,Mizon,All In One Snail Repair Cream - 75ml,75ml,hidratantes,"La crema de caracol más vendida de Mizon. Con 92% de secreción filtrada. Hidrata, repara y devuelve firmeza. Resultados visibles en 2 semanas.",https://cdn.shopify.com/s/files/1/0263/8849/6458/files/Allinonesnailrepaircream75ml_KR.jpg?v=1703620539,47300,FALSE,#e0f2fe,#0284c7,TRUE
MZ039,Mizon,All In One Snail Repair Cream - TUBE- 35ml,35ml,hidratantes,All In One Snail Cream en tubo 35ml. El hit de Mizon en formato de viaje. Mismo poder reparador en versión compacta.,,24700,FALSE,#e0f2fe,#0284c7,TRUE
MZ016,Mizon,Cicaluronic Cleansing Balm - 80ml,80ml,limpieza,Bálsamo limpiador doble fase con centella. Textura bálsamo que se convierte en aceite al contacto. Suave y eficaz.,,42300,FALSE,#e0f2fe,#0284c7,TRUE
MZ018,Mizon,Collagen 100 - 30ml,30ml,serums,Ampolla de colágeno puro al 100%. Tratamiento intensivo de firmeza y elasticidad para una piel visiblemente más joven.,,43100,FALSE,#e0f2fe,#0284c7,TRUE
MZ019,Mizon,Collagen Power Firming Enriched Cream - 50ml,50ml,hidratantes,Crema enriquecida con colágeno y extractos de plancton marino. Nutrición intensa + firmeza + luminosidad para pieles maduras.,,47300,FALSE,#e0f2fe,#0284c7,TRUE
MZ026,Mizon,Collagen Power Firming Eye Cream - 25ml,25ml,ojos,"Contorno de ojos con colágeno. Hidrata, firma y reduce la apariencia de ojeras y arrugas.",,33900,FALSE,#e0f2fe,#0284c7,TRUE
MZ042,Mizon,Collagen Power Firming Eye Cream - TUBE - 10ml,10ml,ojos,Contorno de ojos con colágeno en tubo 10ml. Ultra-compacto. Firmeza + hidratación en cada aplicación.,,16500,FALSE,#e0f2fe,#0284c7,TRUE
MZ029,Mizon,Collagen Power Lifting Cream - 75ml,75ml,hidratantes,"Crema lifting con colágeno. Firma, hidrata y redefine el óvalo facial. Textura rica pero no pesada.",,47000,FALSE,#e0f2fe,#0284c7,TRUE
MZ041,Mizon,Collagen Power Lifting Cream - TUBE - 35ml,35ml,hidratantes,Crema lifting con colágeno en tubo 35ml. Firmeza y nutrición en formato travel-friendly.,,20500,FALSE,#e0f2fe,#0284c7,TRUE
MZ027,Mizon,Goodbye Blemish Clear Patch,,serums,Parches de puntos para acné. Absorben el exceso de sebo y cubren la imperfección mientras tratan.,,15500,FALSE,#e0f2fe,#0284c7,TRUE
MZ037,Mizon,Hyalugen Double Layer Mist - 100ml,100ml,serums,"Mist de ácido hialurónico en doble capa. Agitar, aplicar y ver cómo la piel se hidrata e ilumina.",,37000,FALSE,#e0f2fe,#0284c7,TRUE
MZ038,Mizon,Hyalugen Gel To Foam Cleanser - 100ml,100ml,limpieza,Limpiador en gel con ácido hialurónico. Limpieza suave que no altera la hidratación natural.,,24700,FALSE,#e0f2fe,#0284c7,TRUE
MZ034,Mizon,Hyalugen Le Lift Cream - 50ml,50ml,hidratantes,Crema lifting con ácido hialurónico y péptidos. Hidratación + firmeza + efecto lifting visible.,,38100,FALSE,#e0f2fe,#0284c7,TRUE
MZ036,Mizon,Hyalugen Le Lift Serum - 30ml,30ml,serums,"Sérum con ácido hialurónico y péptidos. Firmeza, hidratación y efecto anti-aging en textura ligera.",,36000,FALSE,#e0f2fe,#0284c7,TRUE
MZ033,Mizon,Hyalugen Pearly Jelly Mask,,hidratantes,Mascarilla en gel con ácido hialurónico. Hidratación profunda e instantánea. Efecto jelly calmante.,,8800,FALSE,#e0f2fe,#0284c7,TRUE
MZ035,Mizon,Hyalugen Water Toner - 130ml,130ml,serums,Tónico con ácido hialurónico. Hidratación intensa desde el primer paso de la rutina. Activa y prepara la piel.,,33900,FALSE,#e0f2fe,#0284c7,TRUE
MZ032,Mizon,Hyaluronic Acid 100 - 30ml,30ml,serums,Ampolla de ácido hialurónico puro al 100%. Hidratación máxima y efecto plumping en tratamiento concentrado.,,38600,FALSE,#e0f2fe,#0284c7,TRUE
MZ004,Mizon,Joyful Time Essence Mask #Aloe,,hidratantes,"Mascarilla de hoja con aloe vera. Calmante e hidratante, ideal para pieles irritadas o post-sol. Efecto refrescante y confortante.",,5100,FALSE,#e0f2fe,#0284c7,TRUE
MZ005,Mizon,Joyful Time Essence Mask #Cucumber,,hidratantes,Mascarilla de hoja con pepino. Hidratación refrescante y efecto calmante. Piel revitalizada y fresca en pocos minutos.,,5100,FALSE,#e0f2fe,#0284c7,TRUE
MZ006,Mizon,Joyful Time Essence Mask #Green Tea,,hidratantes,Mascarilla de hoja con té verde antioxidante. Protección frente al daño ambiental y luminosidad natural.,,5100,FALSE,#e0f2fe,#0284c7,TRUE
MZ003,Mizon,Joyful Time Essence Mask #Hyaluronic,,hidratantes,"Mascarilla de hoja con ácido hialurónico puro. Hidratación profunda instantánea en 15 minutos. Piel plumped, suave y luminosa.",,5100,FALSE,#e0f2fe,#0284c7,TRUE
MZ007,Mizon,Joyful Time Essence Mask #Pomegranate,,hidratantes,"Mascarilla de hoja con granada. Antioxidante y luminosidad. Piel joven, radiante y llena de vitalidad.",,5100,FALSE,#e0f2fe,#0284c7,TRUE
MZ008,Mizon,Joyful Time Essence Mask #Rose,,hidratantes,"Mascarilla de hoja con rosa. Suavidad, confort e hidratación. Piel delicada y radiante con aroma floral.",,5100,FALSE,#e0f2fe,#0284c7,TRUE
MZ009,Mizon,Joyful Time Essence Mask #Royal Jelly,,hidratantes,"Mascarilla de hoja con jalea real. Nutrición intensa y efecto anti-aging. Piel firme, luminosa y visiblemente rejuvenecida.",,5100,FALSE,#e0f2fe,#0284c7,TRUE
MZ010,Mizon,Joyful Time Essence Mask #Snail,,hidratantes,Mascarilla de hoja con baba de caracol. La combinación perfecta: hidratación + reparación + luminosidad en 15 minutos.,,5100,FALSE,#e0f2fe,#0284c7,TRUE
MZ011,Mizon,Joyful Time Essence Mask #Strawberry,,hidratantes,Mascarilla de hoja con fresa. Vitaminas naturales + hidratación + luminosidad. Ideal para pieles apagadas y cansadas.,,5100,FALSE,#e0f2fe,#0284c7,TRUE
MZ012,Mizon,Joyful Time Essence Mask #Vitamin,,hidratantes,Mascarilla de hoja con vitamina C. Illuminating + antioxidante + hidratante. Para pieles que buscan luminosidad inmediata.,,5100,FALSE,#e0f2fe,#0284c7,TRUE
MZ021,Mizon,Niacinamide Smoothing Body Lotion - 300ml,300ml,hidratantes,"Loción corporal con niacinamida al 3%. Ilumina, hidrata y unifica el tono del cuerpo. Acabado suave, sin residuo pegajoso.",,42200,FALSE,#e0f2fe,#0284c7,TRUE
MZ031,Mizon,Skin Power Original First Essence - 210ml,210ml,serums,"Primera esencia con fermentos de caracol y arroz. Activa la piel, aporta luminosidad y prepara para los siguientes pasos.",,51300,FALSE,#e0f2fe,#0284c7,TRUE
MZ043,Mizon,Skin Power Original First Essence - MINI - 80ml,80ml,serums,Primera esencia mini 80ml. El secreto de la piel de porcelana en formato de prueba.,,22700,FALSE,#e0f2fe,#0284c7,TRUE
MZ014,Mizon,Snail Repair Eye Cream - 25ml,25ml,ojos,"Contorno de ojos con mucina de caracol. Hidrata, regenera y trata ojeras, bolsas y arrugas. El multi-corrector periocular.",,30800,FALSE,#e0f2fe,#0284c7,TRUE
MZ040,Mizon,Snail Repair Eye Cream - TUBE - 15ml,15ml,ojos,Contorno de ojos con caracol en tubo 15ml. Portátil y preciso. Trata arrugas y bolsas mientras hidrata.,,20500,FALSE,#e0f2fe,#0284c7,TRUE
MZ001,Mizon,Snail Repair Intensive Ampoule,,serums,"Ampolla intensiva con mucina de caracol al 74%. Regenera la piel, repara cicatrices y mejora la textura visiblemente.",,37300,FALSE,#e0f2fe,#0284c7,TRUE
MZ022,Mizon,Snail Repair Intensive BB Cream #21 Rosy Beige 50g,50g,makeup,BB Cream con mucina de caracol #21 Rosy Beige. Cobertura media + cuidado + SPF. Para tonos muy claros.,,30800,FALSE,#e0f2fe,#0284c7,TRUE
MZ023,Mizon,Snail Repair Intensive BB Cream #23 Sand Beige 50g,50g,makeup,BB Cream con caracol #23 Sand Beige. Cobertura media + SPF + caracol reparador. Para tonos claros-medios.,,30800,FALSE,#e0f2fe,#0284c7,TRUE
MZ048,Mizon,Snail Repair Intensive BB Cream #25 - 50g,50g,makeup,BB Cream con caracol #25. Cobertura media + cuidado de la piel + acabado natural.,,30800,FALSE,#e0f2fe,#0284c7,TRUE
MZ024,Mizon,Snail Repair Intensive BB Cream #27 Medium Beige 50g,50g,makeup,BB Cream con caracol #27 Medium Beige. Cobertura media y acabado satin. Para tonos medios.,,30800,FALSE,#e0f2fe,#0284c7,TRUE
MZ025,Mizon,Snail Repair Intensive BB Cream #31 Dark Beige 50g,50g,makeup,BB Cream con caracol #31 Dark Beige. Cobertura media + SPF. Para tonos más oscuros.,,30800,FALSE,#e0f2fe,#0284c7,TRUE
MZ020,Mizon,Snail Repair Intensive Essence - 100ml,100ml,serums,"Esencia con mucina de caracol al 80%. Hidratación intensa, reparación y luminosidad. El pre-sérum más completo de Mizon.",,45300,FALSE,#e0f2fe,#0284c7,TRUE
MZ017,Mizon,Snail Repairing Foam Cleanser - 60 ml,60 ml,limpieza,Limpiador en espuma con mucina de caracol. Limpieza suave y reconfortante que cuida la piel mientras limpia.,,21700,FALSE,#e0f2fe,#0284c7,TRUE
MZ030,Mizon,Snail Wrinkle Care Sleeping Pack - 80ml,80ml,hidratantes,Sleeping pack con mucina de caracol. Mascarilla de noche que repara y regenera mientras dormís.,,41100,FALSE,#e0f2fe,#0284c7,TRUE
RM028,Romand,Glasting Melting Balm #01.Coco Nude,,makeup,Glasting Melting Balm #01 Coco Nude. Bálsamo labial glossy. Nude transparente hidratante para uso diario.,https://cdn.shopify.com/s/files/1/0271/7351/9412/files/romnd-inapsquare-glasting-melting-balm-cover.jpg?v=1733439311 | https://cdn.shopify.com/s/files/1/0271/7351/9412/files/rom-nd-the-juicy-lasting-tint-model-close.jpg?v=1754506756,27800,FALSE,#fdf2f8,#db2777,TRUE
RM029,Romand,Glasting Melting Balm #02.Lovely Pink,,makeup,Glasting Melting Balm #02 Lovely Pink. Bálsamo glossy. Rosa suave adorable que hidrata y colorea.,https://cdn.shopify.com/s/files/1/0271/7351/9412/files/romnd-inapsquare-glasting-melting-balm-cover.jpg?v=1733439311 | https://cdn.shopify.com/s/files/1/0271/7351/9412/files/rom-nd-the-juicy-lasting-tint-model-close.jpg?v=1754506756,27800,FALSE,#fdf2f8,#db2777,TRUE
RM030,Romand,Glasting Melting Balm #03.Sorbet Balm,,makeup,Glasting Melting Balm #03 Sorbet Balm. Bálsamo glossy. Rosa sherbet refrescante. Ligero y muy hidratante.,https://cdn.shopify.com/s/files/1/0271/7351/9412/files/romnd-inapsquare-glasting-melting-balm-cover.jpg?v=1733439311 | https://cdn.shopify.com/s/files/1/0271/7351/9412/files/rom-nd-the-juicy-lasting-tint-model-close.jpg?v=1754506756,27800,FALSE,#fdf2f8,#db2777,TRUE
RM031,Romand,Glasting Melting Balm #04.Hippie Berry,,makeup,Glasting Melting Balm #04 Hippie Berry. Bálsamo glossy. Berry rojizo con acabado mirror.,https://cdn.shopify.com/s/files/1/0271/7351/9412/files/romnd-inapsquare-glasting-melting-balm-cover.jpg?v=1733439311 | https://cdn.shopify.com/s/files/1/0271/7351/9412/files/rom-nd-the-juicy-lasting-tint-model-close.jpg?v=1754506756,27800,FALSE,#fdf2f8,#db2777,TRUE
RM032,Romand,Glasting Melting Balm #05.Nougat Sand,,makeup,Glasting Melting Balm #05 Nougat Sand. Bálsamo. Nude rosado con brillo espejo. El más usable de la colección.,https://cdn.shopify.com/s/files/1/0271/7351/9412/files/romnd-inapsquare-glasting-melting-balm-cover.jpg?v=1733439311 | https://cdn.shopify.com/s/files/1/0271/7351/9412/files/rom-nd-the-juicy-lasting-tint-model-close.jpg?v=1754506756,27800,FALSE,#fdf2f8,#db2777,TRUE
RM033,Romand,Glasting Melting Balm #06.Kaya Fig,,makeup,Glasting Melting Balm #06 Kaya Fig. Bálsamo glossy. Higo cálido. Tendencia otoño-invierno.,https://cdn.shopify.com/s/files/1/0271/7351/9412/files/romnd-inapsquare-glasting-melting-balm-cover.jpg?v=1733439311 | https://cdn.shopify.com/s/files/1/0271/7351/9412/files/rom-nd-the-juicy-lasting-tint-model-close.jpg?v=1754506756,27800,FALSE,#fdf2f8,#db2777,TRUE
RM034,Romand,Glasting Melting Balm #07.Mauve Whip,,makeup,Glasting Melting Balm #07 Mauve Whip. Bálsamo glossy. Malva suave sofisticado y atemporal.,https://cdn.shopify.com/s/files/1/0271/7351/9412/files/romnd-inapsquare-glasting-melting-balm-cover.jpg?v=1733439311 | https://cdn.shopify.com/s/files/1/0271/7351/9412/files/rom-nd-the-juicy-lasting-tint-model-close.jpg?v=1754506756,27800,FALSE,#fdf2f8,#db2777,TRUE
RM039,Romand,Glasting Water Gloss #00.Meteor Track,,makeup,Glasting Water Gloss #00 Meteor Track. Gloss transparente con shimmer. Amplifica el volumen con acabado galáctico.,https://cdn.shopify.com/s/files/1/0271/7351/9412/files/rom-nd-the-juicy-lasting-tint-model-close.jpg?v=1754506756,27800,FALSE,#fdf2f8,#db2777,TRUE
RM040,Romand,Glasting Water Gloss #01.Sanho Crush,,makeup,Glasting Water Gloss #01 Sanho Crush. Gloss coral-rosado con shimmer. Labios jugosos e irresistibles.,https://cdn.shopify.com/s/files/1/0271/7351/9412/files/rom-nd-the-juicy-lasting-tint-model-close.jpg?v=1754506756,27800,FALSE,#fdf2f8,#db2777,TRUE
RM035,Romand,Glasting Water Tint #14.Mauve Moon,,makeup,Glasting Water Tint #14 Mauve Moon. Labial tint acuoso en malva lunar. Acabado húmedo elegante.,https://cdn.shopify.com/s/files/1/0271/7351/9412/files/rom-nd-the-juicy-lasting-tint-model-close.jpg?v=1754506756 | https://cdn.shopify.com/s/files/1/0271/7351/9412/files/romnd-juicy-lasting-tint-hover.png?v=1719251857,27800,FALSE,#fdf2f8,#db2777,TRUE
RM036,Romand,Glasting Water Tint #15.Nudy Sundown,,makeup,Glasting Water Tint #15 Nudy Sundown. Nude rosado al atardecer. El MLBB tint más buscado.,https://cdn.shopify.com/s/files/1/0271/7351/9412/files/rom-nd-the-juicy-lasting-tint-model-close.jpg?v=1754506756 | https://cdn.shopify.com/s/files/1/0271/7351/9412/files/romnd-juicy-lasting-tint-hover.png?v=1719251857,27800,FALSE,#fdf2f8,#db2777,TRUE
RM037,Romand,Glasting Water Tint #16.Figrise,,makeup,Glasting Water Tint #16 Figrise. Rosa-nude con base berry. Único y muy Instagram-friendly.,https://cdn.shopify.com/s/files/1/0271/7351/9412/files/rom-nd-the-juicy-lasting-tint-model-close.jpg?v=1754506756 | https://cdn.shopify.com/s/files/1/0271/7351/9412/files/romnd-juicy-lasting-tint-hover.png?v=1719251857,27800,FALSE,#fdf2f8,#db2777,TRUE
RM038,Romand,Glasting Water Tint #17.Woody Sunset,,makeup,Glasting Water Tint #17 Woody Sunset. Marrón nude cálido al atardecer. Sofisticado y moderno.,https://cdn.shopify.com/s/files/1/0271/7351/9412/files/rom-nd-the-juicy-lasting-tint-model-close.jpg?v=1754506756 | https://cdn.shopify.com/s/files/1/0271/7351/9412/files/romnd-juicy-lasting-tint-hover.png?v=1719251857,27800,FALSE,#fdf2f8,#db2777,TRUE
RM001,Romand,Glasting Water Tint - No.02 Red Drop,,makeup,Glasting Water Tint #02 Red Drop. Labial tint de agua con acabado húmedo y brillante. Rojo intenso fresco de larga duración.,https://cdn.shopify.com/s/files/1/0271/7351/9412/files/rom-nd-the-juicy-lasting-tint-model-close.jpg?v=1754506756 | https://cdn.shopify.com/s/files/1/0271/7351/9412/files/romnd-juicy-lasting-tint-hover.png?v=1719251857,27800,FALSE,#fdf2f8,#db2777,TRUE
RM002,Romand,Glasting Water Tint - No.03 Brick River,,makeup,Glasting Water Tint #03 Brick River. Labial tint de agua. Terracota oscuro trendy. Acabado glossy.,https://cdn.shopify.com/s/files/1/0271/7351/9412/files/rom-nd-the-juicy-lasting-tint-model-close.jpg?v=1754506756 | https://cdn.shopify.com/s/files/1/0271/7351/9412/files/romnd-juicy-lasting-tint-hover.png?v=1719251857,27800,FALSE,#fdf2f8,#db2777,TRUE
RM003,Romand,Glasting Water Tint - No.04 Vintage Ocean,,makeup,Glasting Water Tint #04 Vintage Ocean. Labial tint de agua. Rosa vino vintage con toque azulado.,https://cdn.shopify.com/s/files/1/0271/7351/9412/files/rom-nd-the-juicy-lasting-tint-model-close.jpg?v=1754506756 | https://cdn.shopify.com/s/files/1/0271/7351/9412/files/romnd-juicy-lasting-tint-hover.png?v=1719251857,27800,FALSE,#fdf2f8,#db2777,TRUE
RM004,Romand,Glasting Water Tint - No.05 Rose Splash,,makeup,Glasting Water Tint #05 Rose Splash. Labial tint agua. Rosa claro luminoso. Acabado mojado irresistible.,https://cdn.shopify.com/s/files/1/0271/7351/9412/files/rom-nd-the-juicy-lasting-tint-model-close.jpg?v=1754506756 | https://cdn.shopify.com/s/files/1/0271/7351/9412/files/romnd-juicy-lasting-tint-hover.png?v=1719251857,27800,FALSE,#fdf2f8,#db2777,TRUE
RM005,Romand,Glasting Water Tint - No.08 Rose Stream,,makeup,Glasting Water Tint #08 Rose Stream. Rosa suave acuoso. El shade más popular de la línea Water Tint de Romand.,https://cdn.shopify.com/s/files/1/0271/7351/9412/files/rom-nd-the-juicy-lasting-tint-model-close.jpg?v=1754506756 | https://cdn.shopify.com/s/files/1/0271/7351/9412/files/romnd-juicy-lasting-tint-hover.png?v=1719251857,27800,FALSE,#fdf2f8,#db2777,TRUE
RM010,Romand,Juicy Lasting Tint #06.Figfig,,makeup,"Juicy Lasting Tint #06 Figfig. Tint de larga duración con acabado glossy. Higo ciruela oscuro, el shade más viral.",https://cdn.shopify.com/s/files/1/0271/7351/9412/files/rom-nd-the-juicy-lasting-tint-model-close.jpg?v=1754506756 | https://cdn.shopify.com/s/files/1/0271/7351/9412/files/romnd-juicy-lasting-tint-hover.png?v=1719251857,27800,FALSE,#fdf2f8,#db2777,TRUE
RM011,Romand,Juicy Lasting Tint #07.Jujube,,makeup,Juicy Lasting Tint #07 Jujube. Rojo fruta jujube. Intensidad natural y acabado húmedo de larga duración.,https://cdn.shopify.com/s/files/1/0271/7351/9412/files/rom-nd-the-juicy-lasting-tint-model-close.jpg?v=1754506756 | https://cdn.shopify.com/s/files/1/0271/7351/9412/files/romnd-juicy-lasting-tint-hover.png?v=1719251857,27800,FALSE,#fdf2f8,#db2777,TRUE
RM012,Romand,Juicy Lasting Tint #08.Apple Brown,,makeup,Juicy Lasting Tint #08 Apple Brown. Marrón manzana cálido. Trendy y sofisticado.,https://cdn.shopify.com/s/files/1/0271/7351/9412/files/rom-nd-the-juicy-lasting-tint-model-close.jpg?v=1754506756 | https://cdn.shopify.com/s/files/1/0271/7351/9412/files/romnd-juicy-lasting-tint-hover.png?v=1719251857,27800,FALSE,#fdf2f8,#db2777,TRUE
RM013,Romand,Juicy Lasting Tint #09.Litchi Coral,,makeup,Juicy Lasting Tint #09 Litchi Coral. Coral litchi fresco y vibrante. Perfecto para looks de primavera.,https://cdn.shopify.com/s/files/1/0271/7351/9412/files/rom-nd-the-juicy-lasting-tint-model-close.jpg?v=1754506756 | https://cdn.shopify.com/s/files/1/0271/7351/9412/files/romnd-juicy-lasting-tint-hover.png?v=1719251857,27800,FALSE,#fdf2f8,#db2777,TRUE
RM014,Romand,Juicy Lasting Tint #10.Nudy Peanut,,makeup,Juicy Lasting Tint #10 Nudy Peanut. Nude rosa cálido y muy favorecedor. El shade MLBB de la línea.,https://cdn.shopify.com/s/files/1/0271/7351/9412/files/rom-nd-the-juicy-lasting-tint-model-close.jpg?v=1754506756 | https://cdn.shopify.com/s/files/1/0271/7351/9412/files/romnd-juicy-lasting-tint-hover.png?v=1719251857,27800,FALSE,#fdf2f8,#db2777,TRUE
RM015,Romand,Juicy Lasting Tint #11.Pink Pumpkin,,makeup,Juicy Lasting Tint #11 Pink Pumpkin. Rosa calabaza cálido. Único y otoñal.,https://cdn.shopify.com/s/files/1/0271/7351/9412/files/rom-nd-the-juicy-lasting-tint-model-close.jpg?v=1754506756 | https://cdn.shopify.com/s/files/1/0271/7351/9412/files/romnd-juicy-lasting-tint-hover.png?v=1719251857,27800,FALSE,#fdf2f8,#db2777,TRUE
RM016,Romand,Juicy Lasting Tint #12.Cherry Bomb,,makeup,Juicy Lasting Tint #12 Cherry Bomb. Rojo cereza intenso. Clásico K-beauty para un look apasionado.,https://cdn.shopify.com/s/files/1/0271/7351/9412/files/rom-nd-the-juicy-lasting-tint-model-close.jpg?v=1754506756 | https://cdn.shopify.com/s/files/1/0271/7351/9412/files/romnd-juicy-lasting-tint-hover.png?v=1719251857,27800,FALSE,#fdf2f8,#db2777,TRUE
RM017,Romand,Juicy Lasting Tint #13.Eat Dotori,,makeup,Juicy Lasting Tint #13 Eat Dotori. Marrón bellota terroso y natural. Perfecto para el look no-makeup makeup.,https://cdn.shopify.com/s/files/1/0271/7351/9412/files/rom-nd-the-juicy-lasting-tint-model-close.jpg?v=1754506756 | https://cdn.shopify.com/s/files/1/0271/7351/9412/files/romnd-juicy-lasting-tint-hover.png?v=1719251857,27800,FALSE,#fdf2f8,#db2777,TRUE
RM018,Romand,Juicy Lasting Tint #18.Mulled Peach,,makeup,Juicy Lasting Tint #18 Mulled Peach. Durazno especiado cálido. Ideal para el otoño.,https://cdn.shopify.com/s/files/1/0271/7351/9412/files/rom-nd-the-juicy-lasting-tint-model-close.jpg?v=1754506756 | https://cdn.shopify.com/s/files/1/0271/7351/9412/files/romnd-juicy-lasting-tint-hover.png?v=1719251857,27800,FALSE,#fdf2f8,#db2777,TRUE
RM019,Romand,Juicy Lasting Tint #19.Almond Rose,,makeup,Juicy Lasting Tint #19 Almond Rose. Rosa almendra suave. El nude rosado perfecto para un look natural.,https://cdn.shopify.com/s/files/1/0271/7351/9412/files/rom-nd-the-juicy-lasting-tint-model-close.jpg?v=1754506756 | https://cdn.shopify.com/s/files/1/0271/7351/9412/files/romnd-juicy-lasting-tint-hover.png?v=1719251857,27800,FALSE,#fdf2f8,#db2777,TRUE
RM020,Romand,Juicy Lasting Tint #20.Dark Coconut,,makeup,Juicy Lasting Tint #20 Dark Coconut. Nude oscuro con subtono terroso. Sofisticado y moderno.,https://cdn.shopify.com/s/files/1/0271/7351/9412/files/rom-nd-the-juicy-lasting-tint-model-close.jpg?v=1754506756 | https://cdn.shopify.com/s/files/1/0271/7351/9412/files/romnd-juicy-lasting-tint-hover.png?v=1719251857,27800,FALSE,#fdf2f8,#db2777,TRUE
RM021,Romand,Juicy Lasting Tint #21.Deep Sangria,,makeup,Juicy Lasting Tint #21 Deep Sangria. Sangría oscura intensa y elegante. Para looks atrevidos.,https://cdn.shopify.com/s/files/1/0271/7351/9412/files/rom-nd-the-juicy-lasting-tint-model-close.jpg?v=1754506756 | https://cdn.shopify.com/s/files/1/0271/7351/9412/files/romnd-juicy-lasting-tint-hover.png?v=1719251857,27800,FALSE,#fdf2f8,#db2777,TRUE
RM022,Romand,Zero Velvet Tint #02 Joyful,,makeup,Zero Velvet Tint #02 Joyful. Mate velvet. Rosa coral vivo y alegre.,https://cdn.shopify.com/s/files/1/0271/7351/9412/files/romnd-juicy-lasting-tint-hover.png?v=1719251857 | https://cdn.shopify.com/s/files/1/0271/7351/9412/files/rom-nd-the-juicy-lasting-tint-model-close.jpg?v=1754506756,27800,FALSE,#fdf2f8,#db2777,TRUE
RM023,Romand,Zero Velvet Tint #04 Burnt Heart,,makeup,Zero Velvet Tint #04 Burnt Heart. Terracota quemado mate. Muy trendy y favorecedor.,https://cdn.shopify.com/s/files/1/0271/7351/9412/files/romnd-juicy-lasting-tint-hover.png?v=1719251857 | https://cdn.shopify.com/s/files/1/0271/7351/9412/files/rom-nd-the-juicy-lasting-tint-model-close.jpg?v=1754506756,27800,FALSE,#fdf2f8,#db2777,TRUE
RM024,Romand,Zero Velvet Tint #05 Witty,,makeup,Zero Velvet Tint #05 Witty. Mate velvet. Naranja ladrillo moderno.,https://cdn.shopify.com/s/files/1/0271/7351/9412/files/romnd-juicy-lasting-tint-hover.png?v=1719251857 | https://cdn.shopify.com/s/files/1/0271/7351/9412/files/rom-nd-the-juicy-lasting-tint-model-close.jpg?v=1754506756,27800,FALSE,#fdf2f8,#db2777,TRUE
RM025,Romand,Zero Velvet Tint #06 Deepsoul,,makeup,Zero Velvet Tint #06 Deepsoul. Mate velvet. Burdeo intenso para looks poderosos.,https://cdn.shopify.com/s/files/1/0271/7351/9412/files/romnd-juicy-lasting-tint-hover.png?v=1719251857 | https://cdn.shopify.com/s/files/1/0271/7351/9412/files/rom-nd-the-juicy-lasting-tint-model-close.jpg?v=1754506756,27800,FALSE,#fdf2f8,#db2777,TRUE
RM026,Romand,Zero Velvet Tint #07 Fizz,,makeup,Zero Velvet Tint #07 Fizz. Mate velvet. Rojo pop vibrante.,https://cdn.shopify.com/s/files/1/0271/7351/9412/files/romnd-juicy-lasting-tint-hover.png?v=1719251857 | https://cdn.shopify.com/s/files/1/0271/7351/9412/files/rom-nd-the-juicy-lasting-tint-model-close.jpg?v=1754506756,27800,FALSE,#fdf2f8,#db2777,TRUE
RM027,Romand,Zero Velvet Tint #08 Icy,,makeup,Zero Velvet Tint #08 Icy. Mate velvet en tono rosado icy con subtono frío.,https://cdn.shopify.com/s/files/1/0271/7351/9412/files/romnd-juicy-lasting-tint-hover.png?v=1719251857 | https://cdn.shopify.com/s/files/1/0271/7351/9412/files/rom-nd-the-juicy-lasting-tint-model-close.jpg?v=1754506756,27800,FALSE,#fdf2f8,#db2777,TRUE
RM006,Romand,Zero Velvet Tint #12 Anne Shirley,,makeup,Zero Velvet Tint #12 Anne Shirley. Labial mate aterciopelado de larga duración. Rosado cálido inspirado en la heroína literaria.,https://cdn.shopify.com/s/files/1/0271/7351/9412/files/romnd-juicy-lasting-tint-hover.png?v=1719251857 | https://cdn.shopify.com/s/files/1/0271/7351/9412/files/rom-nd-the-juicy-lasting-tint-model-close.jpg?v=1754506756,27800,FALSE,#fdf2f8,#db2777,TRUE
RM007,Romand,Zero Velvet Tint #13 Berry Cake,,makeup,Zero Velvet Tint #13 Berry Cake. Labial mate zero-weight. Berry frambuesa vibrante y pigmentado.,https://cdn.shopify.com/s/files/1/0271/7351/9412/files/romnd-juicy-lasting-tint-hover.png?v=1719251857 | https://cdn.shopify.com/s/files/1/0271/7351/9412/files/rom-nd-the-juicy-lasting-tint-model-close.jpg?v=1754506756,27800,FALSE,#fdf2f8,#db2777,TRUE
RM008,Romand,Zero Velvet Tint #14 Pecan Tarte,,makeup,Zero Velvet Tint #14 Pecan Tarte. Mate aterciopelado. Nude terroso marrón cálido muy favorecedor.,https://cdn.shopify.com/s/files/1/0271/7351/9412/files/romnd-juicy-lasting-tint-hover.png?v=1719251857 | https://cdn.shopify.com/s/files/1/0271/7351/9412/files/rom-nd-the-juicy-lasting-tint-model-close.jpg?v=1754506756,27800,FALSE,#fdf2f8,#db2777,TRUE
RM009,Romand,Zero Velvet Tint #16 Burny Nude,,makeup,Zero Velvet Tint #16 Burny Nude. Mate velvet. Nude terroso con base naranja. Natural y sofisticado.,https://cdn.shopify.com/s/files/1/0271/7351/9412/files/romnd-juicy-lasting-tint-hover.png?v=1719251857 | https://cdn.shopify.com/s/files/1/0271/7351/9412/files/rom-nd-the-juicy-lasting-tint-model-close.jpg?v=1754506756,27800,FALSE,#fdf2f8,#db2777,TRUE
SN003,S.Nature,Aqua Oasis Panthe-allan Calming Pad - 60u,,serums,"Pads con pantenol y alantoína. Calman, hidratan y tonifican en un solo paso. 60 unidades para una rutina práctica.",,56000,FALSE,#f0f9ff,#0ea5e9,TRUE
SN004,S.Nature,Aqua Squalane Moisturizing Cream - 10ml,10ml,hidratantes,Crema de escualano mini 10ml. La hidratación profunda de S.Nature en tamaño de prueba o de viaje.,,13700,FALSE,#f0f9ff,#0ea5e9,TRUE
SN002,S.Nature,Aqua Squalane Moisturizing Cream - 60ml,60ml,hidratantes,Crema de escualano 60ml. Nutrición profunda e intensiva para pieles secas. Textura rica que se absorbe sin sensación grasa.,,52500,FALSE,#f0f9ff,#0ea5e9,TRUE
SN005,S.Nature,Aqua Squalane Moisturizing Cream - 80ml,80ml,hidratantes,"Crema de escualano 80ml. El tamaño grande para los fans de S.Nature. Nutrición intensa, barrera fortalecida.",,70800,FALSE,#f0f9ff,#0ea5e9,TRUE
SN001,S.Nature,Aqua Squalane Serum - 50ml,50ml,serums,"Sérum de escualano 50ml. Ultra-hidratante y calmante, ideal para pieles secas y sensibles. Sin fragancia.",,44300,FALSE,#f0f9ff,#0ea5e9,TRUE
SN006,S.Nature,Aqua Squalane Serum - 70ml,70ml,serums,Sérum de escualano 70ml. Hidratación profunda de larga duración en el tamaño ideal para una rutina completa.,,62100,FALSE,#f0f9ff,#0ea5e9,TRUE
SK002,Secret Key,Snow White Cream 50g,50g,hidratantes,Crema de nieve blanca original de Secret Key. Illuminating + hidratante + SPF incluido. El clásico K-beauty para un tono uniforme.,,37100,FALSE,#f8fafc,#94a3b8,TRUE
SK003,Secret Key,Snow White Milky Lotion - 120ml,120ml,hidratantes,Loción iluminadora con extracto de nieve. Hidratación ligera y luminosidad duradera. Esencial para un tono parejo y brillante.,,43700,FALSE,#f8fafc,#94a3b8,TRUE
SK001,Secret Key,Snow White Milky Pack - 200g,200g,hidratantes,"Mascarilla de noche aclarante con extracto de orquídea de nieve. Ilumina el tono, hidrata intensamente y deja la piel más radiante.",,44200,FALSE,#f8fafc,#94a3b8,TRUE
SK004,Secret Key,Snow White Spot Gel - 65g,65g,serums,Gel puntual aclarante con extracto de nieve. Trata manchas e imperfecciones mientras hidrata. Acción rápida y visible.,,43300,FALSE,#f8fafc,#94a3b8,TRUE
S1017,Skin1004,Centella Ampoule - 100ml,100ml,serums,Centella Ampoule maxi 100ml. Para los fans comprometidos con la centella. El tratamiento calmante más potente.,https://www.skin1004.com/cdn/shop/products/skin1004-ampoule-serum-centella-ampoule-38642800132342.png?v=1677148695,68000,FALSE,#d1fae5,#10b981,TRUE
S1016,Skin1004,Centella Ampoule - 30ml,30ml,serums,"Centella Ampoule mini 30ml. Ideal para probar, viajar o incorporar al kit diario. El mismo poder calmante al 100%.",https://www.skin1004.com/cdn/shop/products/skin1004-ampoule-serum-centella-ampoule-38642800132342.png?v=1677148695,29100,FALSE,#d1fae5,#10b981,TRUE
S1015,Skin1004,Centella Ampoule - 55ml,55ml,serums,"Ampolla concentrada de centella asiática al 100%. Calma, regenera y repara la piel sensible, con rojez o post-acné.",https://www.skin1004.com/cdn/shop/products/skin1004-ampoule-serum-centella-ampoule-38642800132342.png?v=1677148695 | https://www.skin1004.com/cdn/shop/products/skin1004-ampoule-serum-madagascar-centella-ampoule-30258989072541.gif?v=1677148618,44500,TRUE,#d1fae5,#10b981,TRUE
S1001,Skin1004,Centella Ampoule Foam - 125ml,125ml,limpieza,Limpiador en espuma con centella asiática al 100% para pieles sensibles. Limpieza profunda y suave que no irrita ni reseca.,https://www.skin1004.com/cdn/shop/products/skin1004-cleanser-centella-ampoule-foam-38642819825910.png?v=1677149057 | https://www.skin1004.com/cdn/shop/products/skin1004-cleanser-madagascar-centella-ampoule-foam-30259010502813.gif?v=1717738201,41700,TRUE,#d1fae5,#10b981,TRUE
S1018,Skin1004,Centella Light Cleansing Oil - 200ml,200ml,limpieza,Aceite limpiador bifásico de textura ultraligera. Disuelve el maquillaje más resistente sin residuos grasos.,https://www.skin1004.com/cdn/shop/files/skin1004-cleanser-centella-light-cleansing-oil-42321970594038.jpg?v=1733104905 | https://www.skin1004.com/cdn/shop/products/skin1004-cleanser-madagascar-centella-light-cleansing-oil-30259218743453.gif?v=1677151102,48400,TRUE,#d1fae5,#10b981,TRUE
S1024,Skin1004,Centella Light Cleansing Oil - 30ml,30ml,limpieza,Aceite limpiador de centella mini 30ml. Ideal para desmaquillante de viaje. Misma fórmula ultraligera.,https://www.skin1004.com/cdn/shop/files/skin1004-cleanser-centella-light-cleansing-oil-42321970594038.jpg?v=1733104905,22500,FALSE,#d1fae5,#10b981,TRUE
S1025,Skin1004,Centella Quick Calming Pad 70 Pads - 130ml,70 Pads,serums,"Pads de centella exfoliantes y calmantes. 70 pads de uso diario que tonifican, calman y refinan la textura.",https://www.skin1004.com/cdn/shop/products/skin1004-ampoule-serum-centella-ampoule-38642800132342.png?v=1677148695,46400,FALSE,#d1fae5,#10b981,TRUE
S1023,Skin1004,Centella Soothing Cream - 30ml,30ml,hidratantes,Crema calmante de centella mini 30ml. Para probar o viajar. La misma fórmula SOS en tamaño compacto.,https://www.skin1004.com/cdn/shop/products/skin1004-cream-centella-soothing-cream-38642833588470.png?v=1677149426,26200,FALSE,#d1fae5,#10b981,TRUE
S1019,Skin1004,Centella Soothing Cream - 75ml,75ml,hidratantes,Crema de centella calmante para pieles sensibles. Hidratación intensa y efecto SOS para pieles irritadas o post-tratamiento.,https://www.skin1004.com/cdn/shop/products/skin1004-cream-centella-soothing-cream-38642833588470.png?v=1677149426 | https://www.skin1004.com/cdn/shop/products/skin1004-cream-madagascar-centella-soothing-cream-30259271991453.gif?v=1677149146,53100,FALSE,#d1fae5,#10b981,TRUE
S1002,Skin1004,Centella Toning Toner - 210ml,210ml,serums,"Tónico de centella que trata y tonifica en un solo paso. Minimiza poros, equilibra el sebo y prepara la piel.",https://www.skin1004.com/cdn/shop/products/skin1004-toner-centella-toning-toner-38642837750006.png?v=1766754925 | https://www.skin1004.com/cdn/shop/products/skin1004-tonner-madagascar-centella-toning-toner-30259313770653.gif?v=1766754953,49000,FALSE,#d1fae5,#10b981,TRUE
S1004,Skin1004,Centella Travel Kit,,serums,Travel Kit de centella Skin1004. Ampoule Foam + Ampoule + Toning Toner. El combo para probar la rutina completa.,https://www.skin1004.com/cdn/shop/products/skin1004-ampoule-serum-centella-ampoule-38642800132342.png?v=1677148695,84500,FALSE,#d1fae5,#10b981,TRUE
S1026,Skin1004,Poremizing Clear Toner - 210ml,210ml,serums,"Tónico Poremizing que limpia, afina y minimiza los poros. Con hialurónico y centella.",https://www.skin1004.com/cdn/shop/products/skin1004-toner-centella-toning-toner-38642837750006.png?v=1766754925,47400,FALSE,#d1fae5,#10b981,TRUE
S1027,Skin1004,Poremizing Fresh Ampoule - 100ml,100ml,serums,Ampolla Poremizing maxi 100ml. Trata los poros dilatados en profundidad con ingredientes de alta concentración.,https://www.skin1004.com/cdn/shop/products/skin1004-ampoule-serum-100ml-poremizing-fresh-ampoule-38642870780150.png?v=1677149786 | https://www.skin1004.com/cdn/shop/products/skin1004-ampoule-serum-100ml-poremizing-fresh-ampoule-38609117708534.jpg?v=1677149695,57200,FALSE,#d1fae5,#10b981,TRUE
S1038,Skin1004,Poremizing Fresh Ampoule - 30ml,30ml,serums,Ampolla Poremizing mini 30ml. Concentrado anti-poro en tamaño de prueba.,https://www.skin1004.com/cdn/shop/products/skin1004-ampoule-serum-100ml-poremizing-fresh-ampoule-38642870780150.png?v=1677149786,26200,FALSE,#d1fae5,#10b981,TRUE
S1029,Skin1004,Poremizing Fresh Ampoule - 50ml,50ml,serums,Ampolla Poremizing 50ml. El tratamiento anti-poro. Niacinamida + centella para poros visiblemente más pequeños.,https://www.skin1004.com/cdn/shop/products/skin1004-ampoule-serum-100ml-poremizing-fresh-ampoule-38642870780150.png?v=1677149786,39700,FALSE,#d1fae5,#10b981,TRUE
S1028,Skin1004,Poremizing Light Gel Cream - 75ml,75ml,hidratantes,"Gel crema Poremizing ultraligero. Hidrata sin obstruir poros, con acabado mate suave. Para pieles mixtas y grasas.",https://www.skin1004.com/cdn/shop/products/skin1004-ampoule-serum-100ml-poremizing-fresh-ampoule-38642870780150.png?v=1677149786,48500,FALSE,#d1fae5,#10b981,TRUE
S1020,Skin1004,Tone Brightening Boosting Toner - 210ml,210ml,serums,"Tónico brightening con ácido hialurónico y vitamina C. Ilumina, hidrata y prepara la piel para los siguientes pasos.",https://www.skin1004.com/cdn/shop/products/skin1004-toner-centella-toning-toner-38642837750006.png?v=1766754925,50000,FALSE,#d1fae5,#10b981,TRUE
S1021,Skin1004,Tone Brightening Capsule Ampoule - 100ml,100ml,serums,Ampolla cápsula brightening 100ml. Cápsulas de vitamina C + hialurónico que iluminan y hidratan intensamente.,https://www.skin1004.com/cdn/shop/products/skin1004-ampoule-serum-100ml-brightening-capsule-ampoule-38642788630774.png?v=1677148702 | https://www.skin1004.com/cdn/shop/products/skin1004-ampoule-serum-100ml-madagascar-centella-tone-brightening-capsule-ampoule-34557561635062.gif?v=1677148510,61700,FALSE,#d1fae5,#10b981,TRUE
S1037,Skin1004,Tone Brightening Capsule Ampoule - 30ml,30ml,serums,Ampolla brightening mini 30ml. Para probar o viajar. La misma cápsula de vitamina C en tamaño accesible.,https://www.skin1004.com/cdn/shop/products/skin1004-ampoule-serum-100ml-brightening-capsule-ampoule-38642788630774.png?v=1677148702,28400,FALSE,#d1fae5,#10b981,TRUE
S1034,Skin1004,Tone Brightening Capsule Ampoule - 50ml,50ml,serums,Ampolla brightening 50ml. Vitamina C en cápsulas para pieles sensibles que quieren luminosidad sin irritación.,https://www.skin1004.com/cdn/shop/products/skin1004-ampoule-serum-100ml-brightening-capsule-ampoule-38642788630774.png?v=1677148702,37100,FALSE,#d1fae5,#10b981,TRUE
S1022,Skin1004,Tone Brightening Capsule Cream - 75ml,75ml,hidratantes,"Crema brightening con cápsulas de vitamina C. Ilumina manchas, hidrata y aporta un acabado luminoso duradero.",https://www.skin1004.com/cdn/shop/products/skin1004-cream-centella-soothing-cream-38642833588470.png?v=1677149426,60800,FALSE,#d1fae5,#10b981,TRUE
TC009,Tocobo,AHA BHA Lemon Toner,,serums,"Tónico exfoliante con AHA + BHA + jugo de limón. Afina la textura, ilumina y desobstruye poros suavemente.",,39100,FALSE,#fef3c7,#d97706,TRUE
TC007,Tocobo,Bio Watery Sun Cream SPF50 + PA +  +  +  +,,solar,Protector solar en crema de textura acuosa y acabado invisible. SPF50+ PA++++ con niacinamida y péptidos.,,36700,TRUE,#fef3c7,#d97706,TRUE
TC008,Tocobo,Calamine pore Control Cleansing Oil,,limpieza,"Aceite limpiador con calamina y árbol de té. Controla el sebo, limpia poros y disuelve el maquillaje sin resecar.",,38000,FALSE,#fef3c7,#d97706,TRUE
TC005,Tocobo,Cica Calming Sun Serum SPF50 + PA +  +  +  + - 15ml,15ml,solar,Suero solar con centella en mini 15ml. Misma fórmula calmante en versión portátil. SPF50+ PA++++.,,9300,FALSE,#fef3c7,#d97706,TRUE
TC004,Tocobo,Cica Calming Sun Serum SPF50 + PA +  +  +  + - 50ml,50ml,solar,Suero solar con centella asiática. Calma y protege a la vez. Acabado satinado sin película blanca. SPF50+ PA++++.,,37100,TRUE,#fef3c7,#d97706,TRUE
TC006,Tocobo,Cica Cooling Sun Stick SPF50 + PA +  +  +  +,,solar,Stick solar de centella con efecto refrescante instantáneo. SPF50+ PA++++ para retoques sobre el maquillaje.,,35100,TRUE,#fef3c7,#d97706,TRUE
TC010,Tocobo,Coconut Clay Cleansing Foam,,limpieza,Espuma limpiadora con arcilla de coco. Limpieza profunda y suave que controla el exceso de sebo sin irritar.,,25800,FALSE,#fef3c7,#d97706,TRUE
TC001,Tocobo,Cotton Soft Sun Stick SPF50 + PA +  +  +  +,,solar,El stick solar viral de Tocobo. Acabado algodón ultrasuave sin brillo ni residuo blanco. SPF50+ PA++++ en formato práctico.,https://d2c3d01lcpw2ui.cloudfront.net/gl/data/item/1647583506/fa0a95a25099a62394ab6e2df52a634b177909154140468b2fba51d5e.png | https://d2c3d01lcpw2ui.cloudfront.net/gl/data/item/1647583506/cotton17436463289098e065adb61c8.webp | https://d2c3d01lcpw2ui.cloudfront.net/gl/data/item/1647583506/2174364625306934d0a2f66ff3.jpg,37800,TRUE,#fef3c7,#d97706,TRUE
TC003,Tocobo,Lemon Sugar Scrub Lip Mask - 20ml,20ml,lips,"Scrub labial de limón y azúcar. Exfolia, hidrata y suaviza labios ásperos. Labios perfectos en 5 minutos.",,34200,FALSE,#fef3c7,#d97706,TRUE
TC002,Tocobo,Vita Glazed Lip Mask - 20ml,20ml,lips,"Bálsamo labial de frambuesa y vitamina A. Hidrata, repara y suaviza los labios con un sutil toque de gloss natural.",,34200,FALSE,#fef3c7,#d97706,TRUE
VG003,Vegreen,730 Daily Moisture Cream,,hidratantes,Crema hidratante de uso diario. Hidratación ligera y equilibrada para mantener la barrera sana y la piel suave.,,48000,FALSE,#ecfdf5,#22c55e,TRUE
VG004,Vegreen,Alcohol-Free Mucin Essence Toner,,serums,Tónico esencia con mucina de caracol vegetal (sin ingredientes animales). Hidratación intensa + barrera + brillo natural.,,39400,FALSE,#ecfdf5,#22c55e,TRUE
VG002,Vegreen,Fragrance-Free Cica Serum,,serums,"Sérum de centella sin fragancia. 100% vegano y clean. Calma, hidrata y repara la piel sin irritantes.",,49800,FALSE,#ecfdf5,#22c55e,TRUE
VG006,Vegreen,Fragrance-Free Nature Mucin Serum,,serums,Sérum con mucina de caracol vegetal 100% orgánica. Hidratación de última generación + barrera + luminosidad.,,45900,FALSE,#ecfdf5,#22c55e,TRUE
VG005,Vegreen,Intensive Vitamin C Ampoule 20%,,serums,Ampolla de vitamina C al 20%. Concentrado brightening de alta eficacia para manchas y tono desigual.,,64700,FALSE,#ecfdf5,#22c55e,TRUE
VG007,Vegreen,Rice Facial Wash Cleanser,,limpieza,Limpiador facial con extracto de arroz. Limpieza suave y brightening que ilumina mientras limpia.,,33200,FALSE,#ecfdf5,#22c55e,TRUE
VG001,Vegreen,Skin Barrier Reishi Serum,,serums,"Sérum con reishi (hongo de la inmortalidad). Refuerza la barrera, aporta luminosidad y calma las pieles sensibles.",,46000,FALSE,#ecfdf5,#22c55e,TRUE
VF001,Village 11 Factory,Miracle Youth Cream - 50ml,50ml,hidratantes,Crema anti-aging con 40 botánicos premium. Para pieles maduras que buscan firmeza y luminosidad duradera.,,42200,FALSE,#fffbeb,#b45309,TRUE
VF002,Village 11 Factory,Miracle Youth Serum - 50ml,50ml,serums,"Sérum anti-aging con 40 botánicos premium. Firmeza, hidratación y luminosidad desde la primera semana.",,38600,FALSE,#fffbeb,#b45309,TRUE
